<?xml version="1.0" encoding="UTF-8"?>
<project-private xmlns="http://www.netbeans.org/ns/project-private/1">
    <editor-bookmarks xmlns="http://www.netbeans.org/ns/editor-bookmarks/2" lastBookmarkId="0"/>
    <open-files xmlns="http://www.netbeans.org/ns/projectui-open-files/2">
        <group>
            <file>file:/F:/Users/Loup/Doc/Programmation/µcontrolleur/Microchip/superProbe.X/init.h</file>
            <file>file:/F:/Users/Loup/Doc/Programmation/µcontrolleur/Microchip/superProbe.X/config.h</file>
            <file>file:/F:/Users/Loup/Doc/Programmation/µcontrolleur/Microchip/superProbe.X/utils.c</file>
            <file>file:/F:/Users/Loup/Doc/Programmation/µcontrolleur/Microchip/superProbe.X/main.c</file>
            <file>file:/F:/Users/Loup/Doc/Programmation/µcontrolleur/Microchip/superProbe.X/states.c</file>
            <file>file:/F:/Users/Loup/Doc/Programmation/µcontrolleur/Microchip/superProbe.X/utils.h</file>
            <file>file:/F:/Users/Loup/Doc/Programmation/µcontrolleur/Microchip/superProbe.X/states.h</file>
        </group>
    </open-files>
</project-private>
